{"version":1,"document":[{"__type__":"cc.AnimationClip","_name":"click","_objFlags":0,"__editorExtras__":{"embeddedPlayerGroups":[]},"_native":"","sample":10,"speed":0.5,"wrapMode":2,"enableTrsBlending":false,"_duration":0.5,"_hash":500763545,"_tracks":[{"__id__":1}],"_exoticAnimation":null,"_events":[],"_embeddedPlayers":[]},{"__type__":"cc.animation.ObjectTrack","_binding":{"__type__":"cc.animation.TrackBinding","path":{"__id__":2},"proxy":null},"_channel":{"__id__":4}},{"__type__":"cc.animation.TrackPath","_paths":[{"__id__":3},"spriteFrame"]},{"__type__":"cc.animation.ComponentPath","component":"cc.Sprite"},{"__type__":"cc.animation.Channel","_curve":{"__id__":5}},{"__type__":"cc.ObjectCurve","_times":[0,0.1,0.2,0.3,0.4],"_values":[{"__uuid__":"91mq4l/a9DUKkyZh3/trfa@c3214","__expectedType__":"cc.Asset"},{"__uuid__":"91mq4l/a9DUKkyZh3/trfa@92c9b","__expectedType__":"cc.Asset"},{"__uuid__":"91mq4l/a9DUKkyZh3/trfa@bf1a8","__expectedType__":"cc.Asset"},{"__uuid__":"91mq4l/a9DUKkyZh3/trfa@45e47","__expectedType__":"cc.Asset"},{"__uuid__":"91mq4l/a9DUKkyZh3/trfa@3ad4a","__expectedType__":"cc.Asset"}]}],"chunks":[]}
