{"version":1,"document":[{"__type__":"cc.AnimationClip","_name":"column","_objFlags":0,"__editorExtras__":{"embeddedPlayerGroups":[]},"_native":"","sample":10,"speed":0.5,"wrapMode":2,"enableTrsBlending":false,"_duration":1,"_hash":500763545,"_tracks":[{"__id__":1}],"_exoticAnimation":null,"_events":[],"_embeddedPlayers":[]},{"__type__":"cc.animation.ObjectTrack","_binding":{"__type__":"cc.animation.TrackBinding","path":{"__id__":2},"proxy":null},"_channel":{"__id__":4}},{"__type__":"cc.animation.TrackPath","_paths":[{"__id__":3},"spriteFrame"]},{"__type__":"cc.animation.ComponentPath","component":"cc.Sprite"},{"__type__":"cc.animation.Channel","_curve":{"__id__":5}},{"__type__":"cc.ObjectCurve","_times":[0,0.1,0.2,0.3,0.4,0.5,0.6,0.7,0.8,0.9],"_values":[{"__uuid__":"e5Zy92nptI56bClEQdnYvY@007ad","__expectedType__":"cc.Asset"},{"__uuid__":"e5Zy92nptI56bClEQdnYvY@29c27","__expectedType__":"cc.Asset"},{"__uuid__":"e5Zy92nptI56bClEQdnYvY@0d944","__expectedType__":"cc.Asset"},{"__uuid__":"e5Zy92nptI56bClEQdnYvY@a2b40","__expectedType__":"cc.Asset"},{"__uuid__":"e5Zy92nptI56bClEQdnYvY@88998","__expectedType__":"cc.Asset"},{"__uuid__":"e5Zy92nptI56bClEQdnYvY@a8e2d","__expectedType__":"cc.Asset"},{"__uuid__":"e5Zy92nptI56bClEQdnYvY@9a3a5","__expectedType__":"cc.Asset"},{"__uuid__":"e5Zy92nptI56bClEQdnYvY@604f4","__expectedType__":"cc.Asset"},{"__uuid__":"e5Zy92nptI56bClEQdnYvY@c8812","__expectedType__":"cc.Asset"},{"__uuid__":"e5Zy92nptI56bClEQdnYvY@5d971","__expectedType__":"cc.Asset"}]}],"chunks":[]}
