{"version":1,"document":[{"__type__":"cc.AnimationClip","_name":"line","_objFlags":0,"__editorExtras__":{"embeddedPlayerGroups":[]},"_native":"","sample":20,"speed":0.5,"wrapMode":2,"enableTrsBlending":false,"_duration":0.5,"_hash":500763545,"_tracks":[{"__id__":1}],"_exoticAnimation":null,"_events":[],"_embeddedPlayers":[]},{"__type__":"cc.animation.ObjectTrack","_binding":{"__type__":"cc.animation.TrackBinding","path":{"__id__":2},"proxy":null},"_channel":{"__id__":4}},{"__type__":"cc.animation.TrackPath","_paths":[{"__id__":3},"spriteFrame"]},{"__type__":"cc.animation.ComponentPath","component":"cc.Sprite"},{"__type__":"cc.animation.Channel","_curve":{"__id__":5}},{"__type__":"cc.ObjectCurve","_times":[0,0.05,0.1,0.15,0.2,0.25,0.3,0.35,0.4,0.45],"_values":[{"__uuid__":"e5Zy92nptI56bClEQdnYvY@ef037","__expectedType__":"cc.Asset"},{"__uuid__":"e5Zy92nptI56bClEQdnYvY@85bca","__expectedType__":"cc.Asset"},{"__uuid__":"e5Zy92nptI56bClEQdnYvY@da2e1","__expectedType__":"cc.Asset"},{"__uuid__":"e5Zy92nptI56bClEQdnYvY@5913e","__expectedType__":"cc.Asset"},{"__uuid__":"e5Zy92nptI56bClEQdnYvY@6c746","__expectedType__":"cc.Asset"},{"__uuid__":"e5Zy92nptI56bClEQdnYvY@7305b","__expectedType__":"cc.Asset"},{"__uuid__":"e5Zy92nptI56bClEQdnYvY@d15ac","__expectedType__":"cc.Asset"},{"__uuid__":"e5Zy92nptI56bClEQdnYvY@97b57","__expectedType__":"cc.Asset"},{"__uuid__":"e5Zy92nptI56bClEQdnYvY@d7182","__expectedType__":"cc.Asset"},{"__uuid__":"e5Zy92nptI56bClEQdnYvY@1ead2","__expectedType__":"cc.Asset"}]}],"chunks":[]}
