{"version":1,"document":[{"__type__":"cc.AnimationClip","_name":"wrap","_objFlags":0,"__editorExtras__":{"embeddedPlayerGroups":[]},"_native":"","sample":10,"speed":0.5,"wrapMode":2,"enableTrsBlending":false,"_duration":0.9,"_hash":500763545,"_tracks":[{"__id__":1}],"_exoticAnimation":null,"_events":[],"_embeddedPlayers":[]},{"__type__":"cc.animation.ObjectTrack","_binding":{"__type__":"cc.animation.TrackBinding","path":{"__id__":2},"proxy":null},"_channel":{"__id__":4}},{"__type__":"cc.animation.TrackPath","_paths":[{"__id__":3},"spriteFrame"]},{"__type__":"cc.animation.ComponentPath","component":"cc.Sprite"},{"__type__":"cc.animation.Channel","_curve":{"__id__":5}},{"__type__":"cc.ObjectCurve","_times":[0,0.1,0.2,0.3,0.4,0.5,0.6,0.7,0.8],"_values":[{"__uuid__":"1egJxZPBFFR74RW6GQP159@8ef69","__expectedType__":"cc.Asset"},{"__uuid__":"1egJxZPBFFR74RW6GQP159@4e4ed","__expectedType__":"cc.Asset"},{"__uuid__":"1egJxZPBFFR74RW6GQP159@3624a","__expectedType__":"cc.Asset"},{"__uuid__":"1egJxZPBFFR74RW6GQP159@10b5c","__expectedType__":"cc.Asset"},{"__uuid__":"1egJxZPBFFR74RW6GQP159@e18fa","__expectedType__":"cc.Asset"},{"__uuid__":"1egJxZPBFFR74RW6GQP159@ef9cd","__expectedType__":"cc.Asset"},{"__uuid__":"1egJxZPBFFR74RW6GQP159@d02e8","__expectedType__":"cc.Asset"},{"__uuid__":"1egJxZPBFFR74RW6GQP159@f9e80","__expectedType__":"cc.Asset"},{"__uuid__":"1egJxZPBFFR74RW6GQP159@b71e6","__expectedType__":"cc.Asset"}]}],"chunks":[]}
