{"version":1,"document":[{"__type__":"cc.AnimationClip","_name":"column","_objFlags":0,"__editorExtras__":{"embeddedPlayerGroups":[]},"_native":"","sample":10,"speed":0.5,"wrapMode":2,"enableTrsBlending":false,"_duration":0.8,"_hash":500763545,"_tracks":[{"__id__":1}],"_exoticAnimation":null,"_events":[],"_embeddedPlayers":[]},{"__type__":"cc.animation.ObjectTrack","_binding":{"__type__":"cc.animation.TrackBinding","path":{"__id__":2},"proxy":null},"_channel":{"__id__":4}},{"__type__":"cc.animation.TrackPath","_paths":[{"__id__":3},"spriteFrame"]},{"__type__":"cc.animation.ComponentPath","component":"cc.Sprite"},{"__type__":"cc.animation.Channel","_curve":{"__id__":5}},{"__type__":"cc.ObjectCurve","_times":[0,0.1,0.2,0.3,0.4,0.5,0.6,0.7],"_values":[{"__uuid__":"91mq4l/a9DUKkyZh3/trfa@38a44","__expectedType__":"cc.Asset"},{"__uuid__":"91mq4l/a9DUKkyZh3/trfa@0d7ab","__expectedType__":"cc.Asset"},{"__uuid__":"91mq4l/a9DUKkyZh3/trfa@3409f","__expectedType__":"cc.Asset"},{"__uuid__":"91mq4l/a9DUKkyZh3/trfa@b0d14","__expectedType__":"cc.Asset"},{"__uuid__":"91mq4l/a9DUKkyZh3/trfa@b413a","__expectedType__":"cc.Asset"},{"__uuid__":"91mq4l/a9DUKkyZh3/trfa@7085c","__expectedType__":"cc.Asset"},{"__uuid__":"91mq4l/a9DUKkyZh3/trfa@5e2b2","__expectedType__":"cc.Asset"},{"__uuid__":"91mq4l/a9DUKkyZh3/trfa@c1ff0","__expectedType__":"cc.Asset"}]}],"chunks":[]}
