{"version":1,"document":[{"__type__":"cc.AnimationClip","_name":"column","_objFlags":0,"__editorExtras__":{"embeddedPlayerGroups":[]},"_native":"","sample":10,"speed":0.5,"wrapMode":2,"enableTrsBlending":false,"_duration":1.1,"_hash":500763545,"_tracks":[{"__id__":1}],"_exoticAnimation":null,"_events":[],"_embeddedPlayers":[]},{"__type__":"cc.animation.ObjectTrack","_binding":{"__type__":"cc.animation.TrackBinding","path":{"__id__":2},"proxy":null},"_channel":{"__id__":4}},{"__type__":"cc.animation.TrackPath","_paths":[{"__id__":3},"spriteFrame"]},{"__type__":"cc.animation.ComponentPath","component":"cc.Sprite"},{"__type__":"cc.animation.Channel","_curve":{"__id__":5}},{"__type__":"cc.ObjectCurve","_times":[0,0.1,0.2,0.3,0.4,0.5,0.6,0.7,0.8,0.9,1],"_values":[{"__uuid__":"34Lv8OgXZFa7c9fYoeAiiG@44b26","__expectedType__":"cc.Asset"},{"__uuid__":"34Lv8OgXZFa7c9fYoeAiiG@27152","__expectedType__":"cc.Asset"},{"__uuid__":"34Lv8OgXZFa7c9fYoeAiiG@41d1f","__expectedType__":"cc.Asset"},{"__uuid__":"34Lv8OgXZFa7c9fYoeAiiG@7ea2f","__expectedType__":"cc.Asset"},{"__uuid__":"34Lv8OgXZFa7c9fYoeAiiG@891be","__expectedType__":"cc.Asset"},{"__uuid__":"34Lv8OgXZFa7c9fYoeAiiG@efc9b","__expectedType__":"cc.Asset"},{"__uuid__":"34Lv8OgXZFa7c9fYoeAiiG@da2ee","__expectedType__":"cc.Asset"},{"__uuid__":"34Lv8OgXZFa7c9fYoeAiiG@b8939","__expectedType__":"cc.Asset"},{"__uuid__":"34Lv8OgXZFa7c9fYoeAiiG@eb3a2","__expectedType__":"cc.Asset"},{"__uuid__":"34Lv8OgXZFa7c9fYoeAiiG@88253","__expectedType__":"cc.Asset"},{"__uuid__":"34Lv8OgXZFa7c9fYoeAiiG@1ceeb","__expectedType__":"cc.Asset"}]}],"chunks":[]}
