{"importBase":"import","nativeBase":"native","name":"main","deps":["internal"],"uuids":["2dL3kvpAxJu6GJ7RdqJG5J","017BDnMJ1KfruKsq3Ll543","02OFdKwOVFbYfbWf5aQPww","023ff5430","038vTmopZOzJT8lUT3laHq","06b24743b","07xDrv60lOKbSc7agzVLc5","08d3bdeb7","093EMyY45IKLIytNKgNjrS","095XxQdSBH0pc9Fas00Rr0","0d26150bd","0f8EFoAC5IUZanz/RZvDCl","11vAVZ8JBAqalCg659z6dI","1egJxZPBFFR74RW6GQP159","1egJxZPBFFR74RW6GQP159@0b8e2","1egJxZPBFFR74RW6GQP159@10b5c","1egJxZPBFFR74RW6GQP159@23c5f","1egJxZPBFFR74RW6GQP159@28016","1egJxZPBFFR74RW6GQP159@3624a","1egJxZPBFFR74RW6GQP159@3673d","1egJxZPBFFR74RW6GQP159@4e4ed","1egJxZPBFFR74RW6GQP159@4ea8d","1egJxZPBFFR74RW6GQP159@5399d","1egJxZPBFFR74RW6GQP159@5520c","1egJxZPBFFR74RW6GQP159@5c73d","1egJxZPBFFR74RW6GQP159@67bf4","1egJxZPBFFR74RW6GQP159@7196a","1egJxZPBFFR74RW6GQP159@8d2f4","1egJxZPBFFR74RW6GQP159@8ef69","1egJxZPBFFR74RW6GQP159@977dc","1egJxZPBFFR74RW6GQP159@a9fc8","1egJxZPBFFR74RW6GQP159@aa269","1egJxZPBFFR74RW6GQP159@b227f","1egJxZPBFFR74RW6GQP159@b676f","1egJxZPBFFR74RW6GQP159@b71e6","1egJxZPBFFR74RW6GQP159@b8cac","1egJxZPBFFR74RW6GQP159@c99c0","1egJxZPBFFR74RW6GQP159@d02e8","1egJxZPBFFR74RW6GQP159@d1294","1egJxZPBFFR74RW6GQP159@e18fa","1egJxZPBFFR74RW6GQP159@eb3fd","1egJxZPBFFR74RW6GQP159@ef9cd","1egJxZPBFFR74RW6GQP159@f9e80","20fKPFhmhF3ZhLMBvO6Sd1","20g1ukYUVPvKWKBRznAKo+","20g1ukYUVPvKWKBRznAKo+@6c48a","20g1ukYUVPvKWKBRznAKo+@f9941","21p+YIDKZNiLji9o6cM17K","23Unr7oKZPybPx8nAYJIjd","23Unr7oKZPybPx8nAYJIjd@6c48a","23Unr7oKZPybPx8nAYJIjd@f9941","25/0gv7dhL25U5PuK3yUou","25/0gv7dhL25U5PuK3yUou@6c48a","25/0gv7dhL25U5PuK3yUou@f9941","26lmBw5IhFEoNfPtSkPGi6","26lmBw5IhFEoNfPtSkPGi6@6c48a","26lmBw5IhFEoNfPtSkPGi6@f9941","2d2n2mDpJFuYXh1iR3WzkF","2d2n2mDpJFuYXh1iR3WzkF@6c48a","2d2n2mDpJFuYXh1iR3WzkF@f9941","2eFsQJOBdIJ7agXhTbIwZj","2eVY0R8g1CipzIYsU7P3Or","30XEMZxrxEPq6UFAuyLMrA","34Lv8OgXZFa7c9fYoeAiiG","34Lv8OgXZFa7c9fYoeAiiG@09d0c","34Lv8OgXZFa7c9fYoeAiiG@16095","34Lv8OgXZFa7c9fYoeAiiG@1947d","34Lv8OgXZFa7c9fYoeAiiG@1ceeb","34Lv8OgXZFa7c9fYoeAiiG@1e56a","34Lv8OgXZFa7c9fYoeAiiG@26bfd","34Lv8OgXZFa7c9fYoeAiiG@27152","34Lv8OgXZFa7c9fYoeAiiG@2ef97","34Lv8OgXZFa7c9fYoeAiiG@34600","34Lv8OgXZFa7c9fYoeAiiG@4130b","34Lv8OgXZFa7c9fYoeAiiG@41d1f","34Lv8OgXZFa7c9fYoeAiiG@44002","34Lv8OgXZFa7c9fYoeAiiG@44b26","34Lv8OgXZFa7c9fYoeAiiG@586ab","34Lv8OgXZFa7c9fYoeAiiG@5e14f","34Lv8OgXZFa7c9fYoeAiiG@71fc2","34Lv8OgXZFa7c9fYoeAiiG@797fe","34Lv8OgXZFa7c9fYoeAiiG@7e8f1","34Lv8OgXZFa7c9fYoeAiiG@7ea2f","34Lv8OgXZFa7c9fYoeAiiG@88253","34Lv8OgXZFa7c9fYoeAiiG@891be","34Lv8OgXZFa7c9fYoeAiiG@8bede","34Lv8OgXZFa7c9fYoeAiiG@ac0cc","34Lv8OgXZFa7c9fYoeAiiG@b3e99","34Lv8OgXZFa7c9fYoeAiiG@b8939","34Lv8OgXZFa7c9fYoeAiiG@cb275","34Lv8OgXZFa7c9fYoeAiiG@cf2f0","34Lv8OgXZFa7c9fYoeAiiG@d5ec4","34Lv8OgXZFa7c9fYoeAiiG@d8831","34Lv8OgXZFa7c9fYoeAiiG@d9a84","34Lv8OgXZFa7c9fYoeAiiG@da2ee","34Lv8OgXZFa7c9fYoeAiiG@eb3a2","34Lv8OgXZFa7c9fYoeAiiG@ec87c","34Lv8OgXZFa7c9fYoeAiiG@ef751","34Lv8OgXZFa7c9fYoeAiiG@efc9b","34Lv8OgXZFa7c9fYoeAiiG@fa8e0","34Lv8OgXZFa7c9fYoeAiiG@fde8c","35LZ+XPnFAwKKs0hgAs0MV","36KA7z1UREg5+/jliItJEh","36KA7z1UREg5+/jliItJEh@6c48a","36KA7z1UREg5+/jliItJEh@f9941","3bJgvz/dtBXZ0pQkfRdhRO","44WFznckZNaZpcFvYdHpFg","4c43c7Y9BP0asz/dcb9yNC","4c43c7Y9BP0asz/dcb9yNC@6c48a","4c43c7Y9BP0asz/dcb9yNC@f9941","4f4Qq4x9FFu49xoULxFGpe","54TknWPwVPqJqeCR+Y/Czo","54TknWPwVPqJqeCR+Y/Czo@6c48a","54TknWPwVPqJqeCR+Y/Czo@f9941","54ewIaKtNAoIxgfKXAcMJa","54ewIaKtNAoIxgfKXAcMJa@6c48a","54ewIaKtNAoIxgfKXAcMJa@f9941","573nsUwClLUbvo0LCX8M9F","58mHazYmZGy5dE1ZfBECN9","5eZaW/j0JHnrtkX2oeP3m8","68dyI/hyxLrI9MAXN+2hxg","6dBJ9yVzFMB4U9BMsxisy1","6dBJ9yVzFMB4U9BMsxisy1@6c48a","6dmGj15hFDC4QBnnHhDQlI","6ePZ3/yblLDa3kHq89Rs+b","6ePZ3/yblLDa3kHq89Rs+b@6c48a","6f04FR0ghMUKvdXGiJFaWP","709Wq7pktNu4OiGRyMY4t6","73fWw+UMVAqb3PZ4fCH/2R","74Nq8eRhdONKCjilx4/Nvd","76epvWYldDB6jwVnCcbHDm","76vcnjHlZOFpqDfMDS3N9h","76vcnjHlZOFpqDfMDS3N9h@6c48a","76vcnjHlZOFpqDfMDS3N9h@f9941","77rikb3TZPa7cqsKLDxiEE","79IzPoQL1LIpXRk2V+IsVc","79IzPoQL1LIpXRk2V+IsVc@6c48a","79IzPoQL1LIpXRk2V+IsVc@f9941","7b5CdkLUpFEpY7RcGMgcpy","7dCJXLWllMoasr/q0+cgtM","7dj5uJT9FMn6OrOOx83tfK","7dj5uJT9FMn6OrOOx83tfK@6c48a","7dj5uJT9FMn6OrOOx83tfK@f9941","7eadA6xe5GdZWemj6bbCvZ","7fCOjcQUdLjLkrPQgEr96v","82pAF73ztCjbJyZLJ/5EtP","82pAF73ztCjbJyZLJ/5EtP@6c48a","86z54oWjFIpITk3LCdZWJE","89Fm9S6U5Pw5mE8dv6krCR","8bRgYs3KpLYLKS0ud5xLED","8e0YT4y5hIcrEmbpFQohYG","8e0YT4y5hIcrEmbpFQohYG@6c48a","8e0YT4y5hIcrEmbpFQohYG@f9941","91mq4l/a9DUKkyZh3/trfa","91mq4l/a9DUKkyZh3/trfa@08a3a","91mq4l/a9DUKkyZh3/trfa@0d7ab","91mq4l/a9DUKkyZh3/trfa@1b858","91mq4l/a9DUKkyZh3/trfa@27977","91mq4l/a9DUKkyZh3/trfa@305f8","91mq4l/a9DUKkyZh3/trfa@3409f","91mq4l/a9DUKkyZh3/trfa@38a44","91mq4l/a9DUKkyZh3/trfa@3ad4a","91mq4l/a9DUKkyZh3/trfa@45e47","91mq4l/a9DUKkyZh3/trfa@5656c","91mq4l/a9DUKkyZh3/trfa@5e2b2","91mq4l/a9DUKkyZh3/trfa@60330","91mq4l/a9DUKkyZh3/trfa@7085c","91mq4l/a9DUKkyZh3/trfa@73cdc","91mq4l/a9DUKkyZh3/trfa@88e8b","91mq4l/a9DUKkyZh3/trfa@92c9b","91mq4l/a9DUKkyZh3/trfa@a41e0","91mq4l/a9DUKkyZh3/trfa@b0d14","91mq4l/a9DUKkyZh3/trfa@b413a","91mq4l/a9DUKkyZh3/trfa@b6eb4","91mq4l/a9DUKkyZh3/trfa@ba211","91mq4l/a9DUKkyZh3/trfa@bf1a8","91mq4l/a9DUKkyZh3/trfa@c0099","91mq4l/a9DUKkyZh3/trfa@c1ff0","91mq4l/a9DUKkyZh3/trfa@c3214","91mq4l/a9DUKkyZh3/trfa@c88a4","91mq4l/a9DUKkyZh3/trfa@dd440","91mq4l/a9DUKkyZh3/trfa@ed7dc","91mq4l/a9DUKkyZh3/trfa@f56be","91olAhJPhPHq+nsqmPp9FE","95EkngnxZFbYuFpsqVTaFr","95EkngnxZFbYuFpsqVTaFr@6c48a","95EkngnxZFbYuFpsqVTaFr@f9941","96gDLuJRtEM4QIskMvShwn","96gDLuJRtEM4QIskMvShwn@6c48a","98vFnuQt1G+ZOtQAijhdi4","98vFnuQt1G+ZOtQAijhdi4@060de","98vFnuQt1G+ZOtQAijhdi4@09f84","98vFnuQt1G+ZOtQAijhdi4@0b68f","98vFnuQt1G+ZOtQAijhdi4@168fc","98vFnuQt1G+ZOtQAijhdi4@1e5f6","98vFnuQt1G+ZOtQAijhdi4@3367e","98vFnuQt1G+ZOtQAijhdi4@3baca","98vFnuQt1G+ZOtQAijhdi4@59169","98vFnuQt1G+ZOtQAijhdi4@634c5","98vFnuQt1G+ZOtQAijhdi4@6c38f","98vFnuQt1G+ZOtQAijhdi4@76db7","98vFnuQt1G+ZOtQAijhdi4@7c9c1","98vFnuQt1G+ZOtQAijhdi4@7db96","98vFnuQt1G+ZOtQAijhdi4@80125","98vFnuQt1G+ZOtQAijhdi4@86470","98vFnuQt1G+ZOtQAijhdi4@90dea","98vFnuQt1G+ZOtQAijhdi4@91c30","98vFnuQt1G+ZOtQAijhdi4@974ae","98vFnuQt1G+ZOtQAijhdi4@9b713","98vFnuQt1G+ZOtQAijhdi4@a1557","98vFnuQt1G+ZOtQAijhdi4@a689e","98vFnuQt1G+ZOtQAijhdi4@ab0c6","98vFnuQt1G+ZOtQAijhdi4@b3dc1","98vFnuQt1G+ZOtQAijhdi4@b4a9b","98vFnuQt1G+ZOtQAijhdi4@bc930","98vFnuQt1G+ZOtQAijhdi4@bd25d","98vFnuQt1G+ZOtQAijhdi4@bed94","98vFnuQt1G+ZOtQAijhdi4@c1124","98vFnuQt1G+ZOtQAijhdi4@c19e0","98vFnuQt1G+ZOtQAijhdi4@e3b29","98vFnuQt1G+ZOtQAijhdi4@e4639","98vFnuQt1G+ZOtQAijhdi4@e4eb1","9cFMHw33ZJO7BllbGKipSZ","a2n2VcRGJKN6fWOTgZE8Ks","a5oBAmF6FNG6WIpuFhmuF0","a6L5L03i5PhJPDxYaL7Xvh","ad61rP29dDEIawvsUEGOGu","b0xyePWgtLd6zZH5K0J6gX","b3hXKajClBiZtWK0C97VHP","b4e6c86mBEcYrHYhibNv1F","b5RtZg2opGvLtpfiuQWNt/","baIUdvKGZPgZxNbjWTFuRI","bc3U2lwONCPK7TVSXCCbqh","bc3U2lwONCPK7TVSXCCbqh@6c48a","bc3U2lwONCPK7TVSXCCbqh@f9941","bc+/CeuZRHGblk7a7tAHA6","bel2P78/tBlItbAugmjvnd","bel2P78/tBlItbAugmjvnd@6c48a","c0G8eRCHpBzYxrX9S8D0Cq","c5vnYSLhlIKqKd4Kln/MyM","cbfvyBZmZJvLgKK7vX4AVQ","d3aF4axA1Fpp4PNIbqv2EI","d4+GTKViRJCYsEeiswnLGb","da1TPrlelAd7GzKWPrsdnA","da1TPrlelAd7GzKWPrsdnA@6c48a","da1TPrlelAd7GzKWPrsdnA@f9941","dc82JEsc1DiaV2qEaTJkyz","dc82JEsc1DiaV2qEaTJkyz@6c48a","dc82JEsc1DiaV2qEaTJkyz@f9941","ddZLX7ke1E5Y3UufgMBIf+","ddZLX7ke1E5Y3UufgMBIf+@6c48a","deg584Nf9KP5CAjbNv59YX","e2j2flPJFEuKiljC4Zw1z5","e3EqNnW3pEc65dQKJX6+9j","e3EqNnW3pEc65dQKJX6+9j@6c48a","e3EqNnW3pEc65dQKJX6+9j@f9941","e4mS7m/6hCrprLwivLnJRN","e4mS7m/6hCrprLwivLnJRN@6c48a","e5QmTUTBdFBLeaAnml2Jld","e5QmTUTBdFBLeaAnml2Jld@6c48a","e5QmTUTBdFBLeaAnml2Jld@f9941","e5Zy92nptI56bClEQdnYvY","e5Zy92nptI56bClEQdnYvY@007ad","e5Zy92nptI56bClEQdnYvY@08dbc","e5Zy92nptI56bClEQdnYvY@0d944","e5Zy92nptI56bClEQdnYvY@0ed1f","e5Zy92nptI56bClEQdnYvY@1ead2","e5Zy92nptI56bClEQdnYvY@20015","e5Zy92nptI56bClEQdnYvY@29c27","e5Zy92nptI56bClEQdnYvY@403eb","e5Zy92nptI56bClEQdnYvY@56571","e5Zy92nptI56bClEQdnYvY@5913e","e5Zy92nptI56bClEQdnYvY@5d971","e5Zy92nptI56bClEQdnYvY@604f4","e5Zy92nptI56bClEQdnYvY@6c746","e5Zy92nptI56bClEQdnYvY@6e5af","e5Zy92nptI56bClEQdnYvY@7305b","e5Zy92nptI56bClEQdnYvY@85bca","e5Zy92nptI56bClEQdnYvY@88998","e5Zy92nptI56bClEQdnYvY@8a56e","e5Zy92nptI56bClEQdnYvY@8c36d","e5Zy92nptI56bClEQdnYvY@939a5","e5Zy92nptI56bClEQdnYvY@97951","e5Zy92nptI56bClEQdnYvY@97b57","e5Zy92nptI56bClEQdnYvY@9a3a5","e5Zy92nptI56bClEQdnYvY@a2b40","e5Zy92nptI56bClEQdnYvY@a8e2d","e5Zy92nptI56bClEQdnYvY@b1d67","e5Zy92nptI56bClEQdnYvY@c60b6","e5Zy92nptI56bClEQdnYvY@c8812","e5Zy92nptI56bClEQdnYvY@d15ac","e5Zy92nptI56bClEQdnYvY@d7182","e5Zy92nptI56bClEQdnYvY@da2e1","e5Zy92nptI56bClEQdnYvY@dcf71","e5Zy92nptI56bClEQdnYvY@ef037","ebEdClkb1KhburUj3tO0Hk","ec0bnBb2FAx5vi+TLc+g6M","ec0bnBb2FAx5vi+TLc+g6M@00381","ec0bnBb2FAx5vi+TLc+g6M@22175","ec0bnBb2FAx5vi+TLc+g6M@22f92","ec0bnBb2FAx5vi+TLc+g6M@23ccd","ec0bnBb2FAx5vi+TLc+g6M@2b392","ec0bnBb2FAx5vi+TLc+g6M@3ee9f","ec0bnBb2FAx5vi+TLc+g6M@3fba3","ec0bnBb2FAx5vi+TLc+g6M@46aee","ec0bnBb2FAx5vi+TLc+g6M@475aa","ec0bnBb2FAx5vi+TLc+g6M@4ec04","ec0bnBb2FAx5vi+TLc+g6M@5786b","ec0bnBb2FAx5vi+TLc+g6M@6e4af","ec0bnBb2FAx5vi+TLc+g6M@6eef5","ec0bnBb2FAx5vi+TLc+g6M@6fe80","ec0bnBb2FAx5vi+TLc+g6M@74c66","ec0bnBb2FAx5vi+TLc+g6M@844b0","ec0bnBb2FAx5vi+TLc+g6M@8e15e","ec0bnBb2FAx5vi+TLc+g6M@93341","ec0bnBb2FAx5vi+TLc+g6M@99fce","ec0bnBb2FAx5vi+TLc+g6M@a2902","ec0bnBb2FAx5vi+TLc+g6M@c3444","ec0bnBb2FAx5vi+TLc+g6M@c8020","ec0bnBb2FAx5vi+TLc+g6M@c8f97","ec0bnBb2FAx5vi+TLc+g6M@d2844","ec0bnBb2FAx5vi+TLc+g6M@d9688","ec0bnBb2FAx5vi+TLc+g6M@dfe12","ec0bnBb2FAx5vi+TLc+g6M@e4ccf","ec0bnBb2FAx5vi+TLc+g6M@efcd0","ec0bnBb2FAx5vi+TLc+g6M@f01da","ec0bnBb2FAx5vi+TLc+g6M@fe9f1","f28ArtCn9KkopQ++9UL4z1","f6B4IFTH1BCKQTm8v/+sDB","f6B4IFTH1BCKQTm8v/+sDB@033e0","f6B4IFTH1BCKQTm8v/+sDB@03456","f6B4IFTH1BCKQTm8v/+sDB@10501","f6B4IFTH1BCKQTm8v/+sDB@3bf54","f6B4IFTH1BCKQTm8v/+sDB@42803","f6B4IFTH1BCKQTm8v/+sDB@50b7a","f6B4IFTH1BCKQTm8v/+sDB@55702","f6B4IFTH1BCKQTm8v/+sDB@56d96","f6B4IFTH1BCKQTm8v/+sDB@587bd","f6B4IFTH1BCKQTm8v/+sDB@7253e","f6B4IFTH1BCKQTm8v/+sDB@79dd1","f6B4IFTH1BCKQTm8v/+sDB@8798f","f6B4IFTH1BCKQTm8v/+sDB@88d42","f6B4IFTH1BCKQTm8v/+sDB@89365","f6B4IFTH1BCKQTm8v/+sDB@8b239","f6B4IFTH1BCKQTm8v/+sDB@8e4d6","f6B4IFTH1BCKQTm8v/+sDB@90b65","f6B4IFTH1BCKQTm8v/+sDB@9b97a","f6B4IFTH1BCKQTm8v/+sDB@a03d8","f6B4IFTH1BCKQTm8v/+sDB@a294a","f6B4IFTH1BCKQTm8v/+sDB@a702e","f6B4IFTH1BCKQTm8v/+sDB@a7b01","f6B4IFTH1BCKQTm8v/+sDB@acd87","f6B4IFTH1BCKQTm8v/+sDB@b5faa","f6B4IFTH1BCKQTm8v/+sDB@bbe36","f6B4IFTH1BCKQTm8v/+sDB@c54ef","f6B4IFTH1BCKQTm8v/+sDB@cb301","f6B4IFTH1BCKQTm8v/+sDB@d3919","f6B4IFTH1BCKQTm8v/+sDB@d92d4","f6B4IFTH1BCKQTm8v/+sDB@dbbca","f6B4IFTH1BCKQTm8v/+sDB@f665e","f6B4IFTH1BCKQTm8v/+sDB@f8d03","f7ccFl1ghETas13baeXnFh","f757lM1o1EwbEPKAhG+Dii","f8pmaKoCtEu5uYzqGXxgvS","faTH054yxNJKb3tOM+vCZr","fdjsU2o1RKF5x0TziDw3jI","fdoJXLgx1GAa2UhGATlj3o","feTZaq065DA72HEhciqScM","feTZaq065DA72HEhciqScM@6c48a","feTZaq065DA72HEhciqScM@f9941"],"paths":{"231":["db:/internal/physics/default-physics-material",1],"365":["db:/internal/default_renderpipeline/builtin-forward",0]},"scenes":{"db://assets/Scene/Login.scene":8,"db://assets/Scene/Game.scene":0},"packs":{"023ff5430":["58","108","122","125","141","151","52","132","146","112","115","45","49","103","136","185","188","55","233","237","244","247","250","254","257","259","368"],"06b24743b":["8","56","104","222","255","260"],"08d3bdeb7":["57","107","121","124","140","150","51","131","145","111","114","44","48","102","135","184","187","54","232","236","243","246","249","253","256","258","367"],"0d26150bd":["2","12","13","14","15","16","17","18","19","20","21","22","23","24","25","26","27","28","29","30","31","32","33","34","35","36","37","38","39","40","41","42","43","46","50","53","0","59","60","63","64","65","66","67","68","69","70","71","72","73","74","75","76","77","78","79","80","81","82","83","84","85","86","87","88","89","90","91","92","93","94","95","96","97","98","99","100","105","106","109","110","113","116","117","123","128","129","130","133","137","142","143","149","152","153","154","155","156","157","158","159","160","161","162","163","164","165","166","167","168","169","170","171","172","173","174","175","176","177","178","179","180","181","182","183","186","189","190","191","192","193","194","195","196","197","198","199","200","201","202","203","204","205","206","207","208","209","210","211","212","213","214","215","216","217","218","219","220","221","227","230","234","238","239","245","248","261","262","263","264","265","266","267","268","269","270","271","272","273","274","275","276","277","278","279","280","281","282","283","284","285","286","287","288","289","290","291","292","293","294","295","296","297","298","299","300","301","302","303","304","305","306","307","308","309","310","311","312","313","314","315","316","317","318","319","320","321","322","323","324","325","326","327","328","329","330","331","332","333","334","335","336","337","338","339","340","341","342","343","344","345","346","347","348","349","350","351","352","353","354","355","356","357","358","359","360","361","362","363","364","369"]},"versions":{"import":[],"native":[]},"redirect":[366,"0"],"debug":false,"extensionMap":{".ccon":["1","101","11","118","119","120","126","127","134","138","139","144","147","148","223","224","225","226","228","229","235","240","241","242","251","252","4","47","6","61","62","9"]},"hasPreloadScript":true,"types":["cc.RenderPipeline","cc.PhysicsMaterial"]}