{"version":1,"document":[{"__type__":"cc.AnimationClip","_name":"effect","_objFlags":0,"_native":"","sample":30,"speed":1,"wrapMode":1,"enableTrsBlending":false,"_duration":0.2,"_hash":500763545,"_tracks":[{"__id__":1}],"_exoticAnimation":null,"_events":[],"_embeddedPlayers":[]},{"__type__":"cc.animation.ObjectTrack","_binding":{"__type__":"cc.animation.TrackBinding","path":{"__id__":2},"proxy":null},"_channel":{"__id__":4}},{"__type__":"cc.animation.TrackPath","_paths":[{"__id__":3},"spriteFrame"]},{"__type__":"cc.animation.ComponentPath","component":"cc.Sprite"},{"__type__":"cc.animation.Channel","_curve":{"__id__":5}},{"__type__":"cc.ObjectCurve","_times":[0,0.03333333333333333,0.06666666666666667,0.1,0.13333333333333333,0.16666666666666666],"_values":[{"__uuid__":"feTZaq065DA72HEhciqScM@f9941","__expectedType__":"cc.Asset"},{"__uuid__":"54ewIaKtNAoIxgfKXAcMJa@f9941","__expectedType__":"cc.Asset"},{"__uuid__":"dc82JEsc1DiaV2qEaTJkyz@f9941","__expectedType__":"cc.Asset"},{"__uuid__":"8e0YT4y5hIcrEmbpFQohYG@f9941","__expectedType__":"cc.Asset"},{"__uuid__":"da1TPrlelAd7GzKWPrsdnA@f9941","__expectedType__":"cc.Asset"},{"__uuid__":"76vcnjHlZOFpqDfMDS3N9h@f9941","__expectedType__":"cc.Asset"}]}],"chunks":[]}
