[1,["fdoJXLgx1GAa2UhGATlj3o","26lmBw5IhFEoNfPtSkPGi6@f9941","e3EqNnW3pEc65dQKJX6+9j@f9941","36KA7z1UREg5+/jliItJEh@f9941","9cFMHw33ZJO7BllbGKipSZ","e5QmTUTBdFBLeaAnml2Jld@f9941","26lmBw5IhFEoNfPtSkPGi6@6c48a","36KA7z1UREg5+/jliItJEh@6c48a","e3EqNnW3pEc65dQKJX6+9j@6c48a","e5QmTUTBdFBLeaAnml2Jld@6c48a"],["node","_customMaterial","_spriteFrame","_textureSource","_cameraComponent","loginButton","loadingBar","scene","_parent","worldSceneBGM","_normalSprite"],["cc.SpriteFrame",["cc.Widget",["_alignFlags","_top","_bottom","_verticalCenter","_left","_originalWidth","_originalHeight","node"],-4,1],["cc.Sprite",["_sizeMode","_fillRange","_fillType","_type","node","_spriteFrame","_customMaterial"],-1,1,6,6],["cc.Node",["_name","_layer","_id","_components","_lpos","_parent","_children"],0,9,5,1,2],["cc.Node",["_name","_layer","_active","_parent","_components","_lpos","_children"],0,1,12,5,2],["cc.UITransform",["node","_contentSize","_anchorPoint"],3,1,5,5],["cc.Label",["_string","_fontSize","_lineHeight","_underlineHeight","_actualFontSize","node","_customMaterial"],-2,1,6],["cc.SceneAsset",["_name"],2],["cc.Canvas",["node","_cameraComponent"],3,1,1],["5f4845Bus5AQoZakK7KAXht",["node","loadingBar","loginButton","worldSceneBGM"],3,1,1,1,6],["cc.UIOpacity",["node"],3,1],["cc.Scene",["_name","_children","_prefab","_globals"],2,2,4,4],["cc.PrefabInfo",["root","asset","fileId","instance","targetOverrides","nestedPrefabInstanceRoots"],-3],["cc.SceneGlobals",["ambient","shadows","_skybox","fog","octree","lightProbeInfo"],3,4,4,4,4,4,4],["cc.AmbientInfo",["_skyIllumLDR","_skyColorHDR","_skyColorLDR"],2,5,5],["cc.ShadowsInfo",["_size"],3,5],["cc.SkyboxInfo",[],3],["cc.FogInfo",["_fogColor"],3,5],["cc.OctreeInfo",[],3],["cc.LightProbeInfo",[],3],["cc.Camera",["_projection","_priority","_fov","_orthoHeight","_far","_visibility","node","_color"],-3,1,5],["cc.Button",["_transition","_zoomScale","node","clickEvents","_normalColor","_hoverColor","_pressedColor","_target"],1,1,9,5,5,5,1],["cc.ClickEvent",["_componentId","handler","target"],1,1],["cc.ProgressBar",["_totalLength","_progress","node","_barSprite"],1,1,1],["cc.AudioClip",["_name","_native","_duration"],0]],[[10,0,1],[5,0,1,1],[3,0,1,5,3,4,3],[4,0,1,3,4,5,3],[1,0,3,7,3],[6,0,4,1,2,3,5,6,6],[7,0,2],[3,0,1,2,6,3,4,4],[3,0,1,5,3,3],[4,0,1,3,6,4,5,3],[4,0,2,1,3,6,4,5,4],[8,0,1,1],[9,0,1,2,3,1],[1,0,1,2,7,4],[1,0,4,5,6,7,5],[1,0,1,7,3],[5,0,1,2,1],[2,0,4,6,5,2],[2,0,1,4,5,3],[2,2,0,4,6,5,3],[2,3,0,1,4,4],[6,0,1,2,3,5,5],[11,0,1,2,3,2],[12,0,1,2,3,4,5,7],[13,0,1,2,3,4,5,1],[14,0,1,2,2],[15,0,1],[16,1],[17,0,1],[18,1],[19,1],[20,0,1,2,3,4,5,6,7,7],[21,0,1,2,3,4,5,6,7,3],[22,0,1,2,3],[23,0,1,2,3,3],[24,0,1,2,4]],[[[[6,"Login"],[7,"Canvas",33554432,"c70Gu0MzlBTJQPrzgPzVgf",[-9,-10,-11,-12,-13],[[11,-2,-1],[12,-5,-4,-3,7],[13,45,5.684341886080802e-14,5.684341886080802e-14,-6],[0,-7],[1,-8,[5,640,1136]]],[1,320,568,0]],[9,"loginButton",1,1,[-19],[[[17,0,-14,3,4],-15,[4,18,-100,-16],[0,-17],[1,-18,[5,427,150]]],4,1,4,4,4],[1,0,-100,0]],[10,"loadingProgress",false,1,1,[-24,-25],[[[18,0,1,-20,6],-21,[0,-22],[1,-23,[5,300,55]]],4,1,4,4],[1,1,-304.162,0]],[8,"background",1,1,[[19,1,0,-26,0,1],[0,-27],[1,-28,[5,640,1136]],[14,45,-2.6867397195928788e-14,828,1136,-29]]],[2,"New Label",1,2,[[5,"Let's Play",60,60,60,0,-30,2],[4,18,5,-31],[0,-32],[1,-33,[5,258.25,75.6]]],[1,0,5,0]],[2,"Title",1,1,[[5,"Fun Match!!!1",60,60,60,0,-34,5],[15,1,387.64599999999996,-35],[0,-36],[1,-37,[5,353.5,75.6]]],[1,0,142.55400000000003,0]],[3,"Main Camera",1,1,[[-38,[0,-39],[1,-40,[5,0,0]]],1,4,4],[1,0,0,1000]],[3,"bar",1,3,[[-41,[0,-42],[16,-43,[5,300,53],[0,0,0.5]]],1,4,4],[1,-150,0,0]],[2,"tip",1,3,[[21,"",30,30,0,-44],[0,-45],[1,-46,[5,240,30]]],[1,-2,2,0]],[22,"Login",[1],[23,null,null,"09dc4332-638e-4828-b232-b4d2a0363ad2",null,null,null],[24,[25,0.78125,[2,0.2,0.5019607843137255,0.8,0.520833125],[2,0.2,0.5019607843137255,0.8,0.520833125]],[26,[0,512,512]],[27],[28,[4,4292993505]],[29],[30]]],[31,0,-1,60,568,4094.9,4294967295,7,[4,4278190080]],[32,3,0.9,2,[[33,"5f4845Bus5AQoZakK7KAXht","onLogin",1]],[4,4292269782],[4,4294967295],[4,4292072403],2],[20,3,0,1,8],[34,300,1,3,13]],0,[0,4,11,0,0,1,0,5,12,0,6,14,0,0,1,0,0,1,0,0,1,0,0,1,0,-1,7,0,-2,4,0,-3,2,0,-4,6,0,-5,3,0,0,2,0,-2,12,0,0,2,0,0,2,0,0,2,0,-1,5,0,0,3,0,-2,14,0,0,3,0,0,3,0,-1,8,0,-2,9,0,0,4,0,0,4,0,0,4,0,0,4,0,0,5,0,0,5,0,0,5,0,0,5,0,0,6,0,0,6,0,0,6,0,0,6,0,-1,11,0,0,7,0,0,7,0,-1,13,0,0,8,0,0,8,0,0,9,0,0,9,0,0,9,0,7,10,1,8,10,46],[0,0,0,0,0,0,0,0,12,13],[1,2,1,1,2,1,2,9,10,2],[0,2,0,0,1,0,3,4,1,5]],[[{"name":"button","rect":{"x":1,"y":0,"width":426,"height":190},"offset":{"x":0.5,"y":0},"originalSize":{"width":427,"height":190},"rotated":false,"capInsets":[0,0,0,0],"vertices":{"rawPosition":[-213,-95,0,213,-95,0,-213,95,0,213,95,0],"indexes":[0,1,2,2,1,3],"uv":[1,190,427,190,1,0,427,0],"nuv":[0.00234192037470726,0,1,0,0.00234192037470726,1,1,1],"minPos":{"x":-213,"y":-95,"z":0},"maxPos":{"x":213,"y":95,"z":0}},"packable":true,"pixelsToUnit":100,"pivot":{"x":0.5,"y":0.5},"meshType":0}],[0],0,[0],[3],[6]],[[{"name":"barbg","rect":{"x":0,"y":0,"width":300,"height":50},"offset":{"x":0,"y":1.5},"originalSize":{"width":300,"height":53},"rotated":false,"capInsets":[0,0,0,0],"vertices":{"rawPosition":[-150,-25,0,150,-25,0,-150,25,0,150,25,0],"indexes":[0,1,2,2,1,3],"uv":[0,53,300,53,0,3,300,3],"nuv":[0,0.05660377358490566,1,0.05660377358490566,0,1,1,1],"minPos":{"x":-150,"y":-25,"z":0},"maxPos":{"x":150,"y":25,"z":0}},"packable":true,"pixelsToUnit":100,"pivot":{"x":0.5,"y":0.5},"meshType":0}],[0],0,[0],[3],[7]],[[[35,"bgm",".mp3",34.481571],-1],0,0,[],[],[]],[[{"name":"bg","rect":{"x":0,"y":0,"width":828,"height":1438},"offset":{"x":0,"y":0},"originalSize":{"width":828,"height":1438},"rotated":false,"capInsets":[0,0,0,0],"vertices":{"rawPosition":[-414,-719,0,414,-719,0,-414,719,0,414,719,0],"indexes":[0,1,2,2,1,3],"uv":[0,1438,828,1438,0,0,828,0],"nuv":[0,0,1,0,0,1,1,1],"minPos":{"x":-414,"y":-719,"z":0},"maxPos":{"x":414,"y":719,"z":0}},"packable":true,"pixelsToUnit":100,"pivot":{"x":0.5,"y":0.5},"meshType":0}],[0],0,[0],[3],[8]],[[{"name":"bar","rect":{"x":0,"y":0,"width":300,"height":50},"offset":{"x":0,"y":1.5},"originalSize":{"width":300,"height":53},"rotated":false,"capInsets":[0,0,0,0],"vertices":{"rawPosition":[-150,-25,0,150,-25,0,-150,25,0,150,25,0],"indexes":[0,1,2,2,1,3],"uv":[0,53,300,53,0,3,300,3],"nuv":[0,0.05660377358490566,1,0.05660377358490566,0,1,1,1],"minPos":{"x":-150,"y":-25,"z":0},"maxPos":{"x":150,"y":25,"z":0}},"packable":true,"pixelsToUnit":100,"pivot":{"x":0.5,"y":0.5},"meshType":0}],[0],0,[0],[3],[9]]]]
