{"version":1,"document":[{"__type__":"cc.AnimationClip","_name":"effect_line","_objFlags":0,"_native":"","sample":60,"speed":1,"wrapMode":1,"enableTrsBlending":false,"_duration":0.4,"_hash":500763545,"_tracks":[{"__id__":1},{"__id__":5},{"__id__":8},{"__id__":11}],"_exoticAnimation":null,"_events":[],"_embeddedPlayers":[]},{"__type__":"cc.animation.UntypedTrack","_binding":{"__type__":"cc.animation.TrackBinding","path":{"__id__":2},"proxy":null},"_channels":[{"__id__":3}]},{"__type__":"cc.animation.TrackPath","_paths":["scale"]},{"__type__":"cc.animation.UntypedTrackChannel","_curve":{"__id__":4},"property":"x"},{"__type__":"cc.RealCurve","bytes":{"__type__":"TypedArrayRef","ctor":"Uint8Array","offset":0,"length":30},"keyframeValueEditorExtras":[null,null]},{"__type__":"cc.animation.UntypedTrack","_binding":{"__type__":"cc.animation.TrackBinding","path":{"__id__":6},"proxy":null},"_channels":[]},{"__type__":"cc.animation.TrackPath","_paths":[{"__id__":7},"scale"]},{"__type__":"cc.animation.HierarchyPath","path":"left"},{"__type__":"cc.animation.UntypedTrack","_binding":{"__type__":"cc.animation.TrackBinding","path":{"__id__":9},"proxy":null},"_channels":[]},{"__type__":"cc.animation.TrackPath","_paths":[{"__id__":10},"scale"]},{"__type__":"cc.animation.HierarchyPath","path":"right"},{"__type__":"cc.animation.RealTrack","_binding":{"__type__":"cc.animation.TrackBinding","path":{"__id__":12},"proxy":null},"_channel":{"__id__":14}},{"__type__":"cc.animation.TrackPath","_paths":[{"__id__":13},"opacity"]},{"__type__":"cc.animation.ComponentPath","component":"cc.UIOpacity"},{"__type__":"cc.animation.Channel","_curve":{"__id__":15}},{"__type__":"cc.RealCurve","bytes":{"__type__":"TypedArrayRef","ctor":"Uint8Array","offset":30,"length":30},"keyframeValueEditorExtras":[null,null]}],"chunks":[".bin"]}
