{"version":1,"document":[{"__type__":"cc.AnimationClip","_name":"click","_objFlags":0,"__editorExtras__":{"embeddedPlayerGroups":[]},"_native":"","sample":60,"speed":0.5,"wrapMode":2,"enableTrsBlending":false,"_duration":0.48333333333333334,"_hash":500763545,"_tracks":[{"__id__":1},{"__id__":7},{"__id__":13},{"__id__":24}],"_exoticAnimation":null,"_events":[],"_embeddedPlayers":[]},{"__type__":"cc.animation.ObjectTrack","_binding":{"__type__":"cc.animation.TrackBinding","path":{"__id__":2},"proxy":null},"_channel":{"__id__":5}},{"__type__":"cc.animation.TrackPath","_paths":[{"__id__":3},{"__id__":4},"spriteFrame"]},{"__type__":"cc.animation.HierarchyPath","path":"light"},{"__type__":"cc.animation.ComponentPath","component":"cc.Sprite"},{"__type__":"cc.animation.Channel","_curve":{"__id__":6}},{"__type__":"cc.ObjectCurve","_times":[0,0.03333333333333333,0.06666666666666667,0.08333333333333333,0.11666666666666667,0.13333333333333333,0.16666666666666666,0.18333333333333332,0.21666666666666667,0.23333333333333334,0.26666666666666666,0.2833333333333333,0.31666666666666665,0.3333333333333333,0.36666666666666664,0.38333333333333336,0.4166666666666667,0.43333333333333335,0.4666666666666667],"_values":[{"__uuid__":"98vFnuQt1G+ZOtQAijhdi4@9b713","__expectedType__":"cc.Asset"},{"__uuid__":"98vFnuQt1G+ZOtQAijhdi4@a1557","__expectedType__":"cc.Asset"},{"__uuid__":"98vFnuQt1G+ZOtQAijhdi4@6c38f","__expectedType__":"cc.Asset"},{"__uuid__":"98vFnuQt1G+ZOtQAijhdi4@974ae","__expectedType__":"cc.Asset"},{"__uuid__":"98vFnuQt1G+ZOtQAijhdi4@3367e","__expectedType__":"cc.Asset"},{"__uuid__":"98vFnuQt1G+ZOtQAijhdi4@e4639","__expectedType__":"cc.Asset"},{"__uuid__":"98vFnuQt1G+ZOtQAijhdi4@80125","__expectedType__":"cc.Asset"},{"__uuid__":"98vFnuQt1G+ZOtQAijhdi4@86470","__expectedType__":"cc.Asset"},{"__uuid__":"98vFnuQt1G+ZOtQAijhdi4@7db96","__expectedType__":"cc.Asset"},{"__uuid__":"98vFnuQt1G+ZOtQAijhdi4@e4eb1","__expectedType__":"cc.Asset"},{"__uuid__":"98vFnuQt1G+ZOtQAijhdi4@c19e0","__expectedType__":"cc.Asset"},{"__uuid__":"98vFnuQt1G+ZOtQAijhdi4@7c9c1","__expectedType__":"cc.Asset"},{"__uuid__":"98vFnuQt1G+ZOtQAijhdi4@168fc","__expectedType__":"cc.Asset"},{"__uuid__":"98vFnuQt1G+ZOtQAijhdi4@e3b29","__expectedType__":"cc.Asset"},{"__uuid__":"98vFnuQt1G+ZOtQAijhdi4@060de","__expectedType__":"cc.Asset"},{"__uuid__":"98vFnuQt1G+ZOtQAijhdi4@b4a9b","__expectedType__":"cc.Asset"},{"__uuid__":"98vFnuQt1G+ZOtQAijhdi4@91c30","__expectedType__":"cc.Asset"},{"__uuid__":"98vFnuQt1G+ZOtQAijhdi4@09f84","__expectedType__":"cc.Asset"},{"__uuid__":"98vFnuQt1G+ZOtQAijhdi4@bed94","__expectedType__":"cc.Asset"}]},{"__type__":"cc.animation.ObjectTrack","_binding":{"__type__":"cc.animation.TrackBinding","path":{"__id__":8},"proxy":null},"_channel":{"__id__":11}},{"__type__":"cc.animation.TrackPath","_paths":[{"__id__":9},{"__id__":10},"spriteFrame"]},{"__type__":"cc.animation.HierarchyPath","path":"sprite"},{"__type__":"cc.animation.ComponentPath","component":"cc.Sprite"},{"__type__":"cc.animation.Channel","_curve":{"__id__":12}},{"__type__":"cc.ObjectCurve","_times":[0,0.03333333333333333,0.08333333333333333,0.13333333333333333,0.16666666666666666,0.2,0.23333333333333334,0.2833333333333333,0.3333333333333333,0.38333333333333336,0.43333333333333335,0.4666666666666667],"_values":[{"__uuid__":"98vFnuQt1G+ZOtQAijhdi4@bc930","__expectedType__":"cc.Asset"},{"__uuid__":"98vFnuQt1G+ZOtQAijhdi4@3baca","__expectedType__":"cc.Asset"},{"__uuid__":"98vFnuQt1G+ZOtQAijhdi4@ab0c6","__expectedType__":"cc.Asset"},{"__uuid__":"98vFnuQt1G+ZOtQAijhdi4@90dea","__expectedType__":"cc.Asset"},{"__uuid__":"98vFnuQt1G+ZOtQAijhdi4@76db7","__expectedType__":"cc.Asset"},{"__uuid__":"98vFnuQt1G+ZOtQAijhdi4@c1124","__expectedType__":"cc.Asset"},{"__uuid__":"98vFnuQt1G+ZOtQAijhdi4@1e5f6","__expectedType__":"cc.Asset"},{"__uuid__":"98vFnuQt1G+ZOtQAijhdi4@a689e","__expectedType__":"cc.Asset"},{"__uuid__":"98vFnuQt1G+ZOtQAijhdi4@634c5","__expectedType__":"cc.Asset"},{"__uuid__":"98vFnuQt1G+ZOtQAijhdi4@b3dc1","__expectedType__":"cc.Asset"},{"__uuid__":"98vFnuQt1G+ZOtQAijhdi4@bd25d","__expectedType__":"cc.Asset"},{"__uuid__":"98vFnuQt1G+ZOtQAijhdi4@59169","__expectedType__":"cc.Asset"}]},{"__type__":"cc.animation.VectorTrack","_binding":{"__type__":"cc.animation.TrackBinding","path":{"__id__":14},"proxy":null},"_channels":[{"__id__":16},{"__id__":18},{"__id__":20},{"__id__":22}],"_nComponents":3},{"__type__":"cc.animation.TrackPath","_paths":[{"__id__":15},"scale"]},{"__type__":"cc.animation.HierarchyPath","path":"light"},{"__type__":"cc.animation.Channel","_curve":{"__id__":17}},{"__type__":"cc.RealCurve","bytes":{"__type__":"TypedArrayRef","ctor":"Uint8Array","offset":0,"length":18},"keyframeValueEditorExtras":[null]},{"__type__":"cc.animation.Channel","_curve":{"__id__":19}},{"__type__":"cc.RealCurve","bytes":{"__type__":"TypedArrayRef","ctor":"Uint8Array","offset":18,"length":18},"keyframeValueEditorExtras":[null]},{"__type__":"cc.animation.Channel","_curve":{"__id__":21}},{"__type__":"cc.RealCurve","bytes":{"__type__":"TypedArrayRef","ctor":"Uint8Array","offset":36,"length":6}},{"__type__":"cc.animation.Channel","_curve":{"__id__":23}},{"__type__":"cc.RealCurve","bytes":{"__type__":"TypedArrayRef","ctor":"Uint8Array","offset":42,"length":6}},{"__type__":"cc.animation.VectorTrack","_binding":{"__type__":"cc.animation.TrackBinding","path":{"__id__":25},"proxy":null},"_channels":[{"__id__":27},{"__id__":29},{"__id__":31},{"__id__":33}],"_nComponents":3},{"__type__":"cc.animation.TrackPath","_paths":[{"__id__":26},"scale"]},{"__type__":"cc.animation.HierarchyPath","path":"sprite"},{"__type__":"cc.animation.Channel","_curve":{"__id__":28}},{"__type__":"cc.RealCurve","bytes":{"__type__":"TypedArrayRef","ctor":"Uint8Array","offset":48,"length":6}},{"__type__":"cc.animation.Channel","_curve":{"__id__":30}},{"__type__":"cc.RealCurve","bytes":{"__type__":"TypedArrayRef","ctor":"Uint8Array","offset":54,"length":6}},{"__type__":"cc.animation.Channel","_curve":{"__id__":32}},{"__type__":"cc.RealCurve","bytes":{"__type__":"TypedArrayRef","ctor":"Uint8Array","offset":60,"length":6}},{"__type__":"cc.animation.Channel","_curve":{"__id__":34}},{"__type__":"cc.RealCurve","bytes":{"__type__":"TypedArrayRef","ctor":"Uint8Array","offset":66,"length":6}}],"chunks":[".bin"]}
