{"version":1,"document":[{"__type__":"cc.AnimationClip","_name":"line","_objFlags":0,"__editorExtras__":{"embeddedPlayerGroups":[]},"_native":"","sample":10,"speed":0.5,"wrapMode":2,"enableTrsBlending":false,"_duration":1.2,"_hash":500763545,"_tracks":[{"__id__":1}],"_exoticAnimation":null,"_events":[],"_embeddedPlayers":[]},{"__type__":"cc.animation.ObjectTrack","_binding":{"__type__":"cc.animation.TrackBinding","path":{"__id__":2},"proxy":null},"_channel":{"__id__":4}},{"__type__":"cc.animation.TrackPath","_paths":[{"__id__":3},"spriteFrame"]},{"__type__":"cc.animation.ComponentPath","component":"cc.Sprite"},{"__type__":"cc.animation.Channel","_curve":{"__id__":5}},{"__type__":"cc.ObjectCurve","_times":[0,0.1,0.2,0.3,0.4,0.5,0.6,0.7,0.8,0.9,1,1.1],"_values":[{"__uuid__":"34Lv8OgXZFa7c9fYoeAiiG@d9a84","__expectedType__":"cc.Asset"},{"__uuid__":"34Lv8OgXZFa7c9fYoeAiiG@4130b","__expectedType__":"cc.Asset"},{"__uuid__":"34Lv8OgXZFa7c9fYoeAiiG@cf2f0","__expectedType__":"cc.Asset"},{"__uuid__":"34Lv8OgXZFa7c9fYoeAiiG@797fe","__expectedType__":"cc.Asset"},{"__uuid__":"34Lv8OgXZFa7c9fYoeAiiG@34600","__expectedType__":"cc.Asset"},{"__uuid__":"34Lv8OgXZFa7c9fYoeAiiG@b3e99","__expectedType__":"cc.Asset"},{"__uuid__":"34Lv8OgXZFa7c9fYoeAiiG@44002","__expectedType__":"cc.Asset"},{"__uuid__":"34Lv8OgXZFa7c9fYoeAiiG@8bede","__expectedType__":"cc.Asset"},{"__uuid__":"34Lv8OgXZFa7c9fYoeAiiG@16095","__expectedType__":"cc.Asset"},{"__uuid__":"34Lv8OgXZFa7c9fYoeAiiG@ec87c","__expectedType__":"cc.Asset"},{"__uuid__":"34Lv8OgXZFa7c9fYoeAiiG@d5ec4","__expectedType__":"cc.Asset"},{"__uuid__":"34Lv8OgXZFa7c9fYoeAiiG@2ef97","__expectedType__":"cc.Asset"}]}],"chunks":[]}
