{"version":1,"document":[{"__type__":"cc.AnimationClip","_name":"column","_objFlags":0,"__editorExtras__":{"embeddedPlayerGroups":[]},"_native":"","sample":10,"speed":0.5,"wrapMode":2,"enableTrsBlending":false,"_duration":1,"_hash":500763545,"_tracks":[{"__id__":1}],"_exoticAnimation":null,"_events":[],"_embeddedPlayers":[]},{"__type__":"cc.animation.ObjectTrack","_binding":{"__type__":"cc.animation.TrackBinding","path":{"__id__":2},"proxy":null},"_channel":{"__id__":4}},{"__type__":"cc.animation.TrackPath","_paths":[{"__id__":3},"spriteFrame"]},{"__type__":"cc.animation.ComponentPath","component":"cc.Sprite"},{"__type__":"cc.animation.Channel","_curve":{"__id__":5}},{"__type__":"cc.ObjectCurve","_times":[0,0.1,0.2,0.3,0.4,0.5,0.6,0.7,0.8,0.9],"_values":[{"__uuid__":"f6B4IFTH1BCKQTm8v/+sDB@79dd1","__expectedType__":"cc.Asset"},{"__uuid__":"f6B4IFTH1BCKQTm8v/+sDB@88d42","__expectedType__":"cc.Asset"},{"__uuid__":"f6B4IFTH1BCKQTm8v/+sDB@033e0","__expectedType__":"cc.Asset"},{"__uuid__":"f6B4IFTH1BCKQTm8v/+sDB@a7b01","__expectedType__":"cc.Asset"},{"__uuid__":"f6B4IFTH1BCKQTm8v/+sDB@d3919","__expectedType__":"cc.Asset"},{"__uuid__":"f6B4IFTH1BCKQTm8v/+sDB@b5faa","__expectedType__":"cc.Asset"},{"__uuid__":"f6B4IFTH1BCKQTm8v/+sDB@50b7a","__expectedType__":"cc.Asset"},{"__uuid__":"f6B4IFTH1BCKQTm8v/+sDB@dbbca","__expectedType__":"cc.Asset"},{"__uuid__":"f6B4IFTH1BCKQTm8v/+sDB@8798f","__expectedType__":"cc.Asset"},{"__uuid__":"f6B4IFTH1BCKQTm8v/+sDB@c54ef","__expectedType__":"cc.Asset"}]}],"chunks":[]}
