{"version":1,"document":[{"__type__":"cc.AnimationClip","_name":"wrap","_objFlags":0,"__editorExtras__":{"embeddedPlayerGroups":[]},"_native":"","sample":10,"speed":0.5,"wrapMode":2,"enableTrsBlending":false,"_duration":0.7,"_hash":500763545,"_tracks":[{"__id__":1}],"_exoticAnimation":null,"_events":[],"_embeddedPlayers":[]},{"__type__":"cc.animation.ObjectTrack","_binding":{"__type__":"cc.animation.TrackBinding","path":{"__id__":2},"proxy":null},"_channel":{"__id__":4}},{"__type__":"cc.animation.TrackPath","_paths":[{"__id__":3},"spriteFrame"]},{"__type__":"cc.animation.ComponentPath","component":"cc.Sprite"},{"__type__":"cc.animation.Channel","_curve":{"__id__":5}},{"__type__":"cc.ObjectCurve","_times":[0,0.1,0.2,0.3,0.4,0.5,0.6],"_values":[{"__uuid__":"f6B4IFTH1BCKQTm8v/+sDB@89365","__expectedType__":"cc.Asset"},{"__uuid__":"f6B4IFTH1BCKQTm8v/+sDB@a702e","__expectedType__":"cc.Asset"},{"__uuid__":"f6B4IFTH1BCKQTm8v/+sDB@cb301","__expectedType__":"cc.Asset"},{"__uuid__":"f6B4IFTH1BCKQTm8v/+sDB@7253e","__expectedType__":"cc.Asset"},{"__uuid__":"f6B4IFTH1BCKQTm8v/+sDB@bbe36","__expectedType__":"cc.Asset"},{"__uuid__":"f6B4IFTH1BCKQTm8v/+sDB@03456","__expectedType__":"cc.Asset"},{"__uuid__":"f6B4IFTH1BCKQTm8v/+sDB@f665e","__expectedType__":"cc.Asset"}]}],"chunks":[]}
