{"version":1,"document":[{"__type__":"cc.AnimationClip","_name":"tipMsg","_objFlags":0,"_native":"","sample":4,"speed":1,"wrapMode":2,"enableTrsBlending":false,"_duration":1,"_hash":500763545,"_tracks":[{"__id__":1}],"_exoticAnimation":null,"_events":[],"_embeddedPlayers":[]},{"__type__":"cc.animation.VectorTrack","_binding":{"__type__":"cc.animation.TrackBinding","path":{"__id__":2},"proxy":null},"_channels":[{"__id__":3},{"__id__":5},{"__id__":7},{"__id__":9}],"_nComponents":3},{"__type__":"cc.animation.TrackPath","_paths":["scale"]},{"__type__":"cc.animation.Channel","_curve":{"__id__":4}},{"__type__":"cc.RealCurve","bytes":{"__type__":"TypedArrayRef","ctor":"Uint8Array","offset":0,"length":66},"keyframeValueEditorExtras":[null,null,null,null,null]},{"__type__":"cc.animation.Channel","_curve":{"__id__":6}},{"__type__":"cc.RealCurve","bytes":{"__type__":"TypedArrayRef","ctor":"Uint8Array","offset":66,"length":66},"keyframeValueEditorExtras":[null,null,null,null,null]},{"__type__":"cc.animation.Channel","_curve":{"__id__":8}},{"__type__":"cc.RealCurve","bytes":{"__type__":"TypedArrayRef","ctor":"Uint8Array","offset":132,"length":66},"keyframeValueEditorExtras":[null,null,null,null,null]},{"__type__":"cc.animation.Channel","_curve":{"__id__":10}},{"__type__":"cc.RealCurve","bytes":{"__type__":"TypedArrayRef","ctor":"Uint8Array","offset":198,"length":6}}],"chunks":[".bin"]}
